"","Transitions","wingLoading","wingAspectRatio","roostOverlap","rangeOverlap","hostDistances","bodySize","Transition_Rates","Key"
"Ef->Ap",1,1.3,0.5,1,0.350810308,0.745,3,0.000999999999999999,"Ef->Ap"
"Lb->Ap",0,5.9,0.6,0,0.080339893,0.878,26.1,0.000999999999999999,"Lb->Ap"
"Lbl->Ap",0,5.9,0.6,0,0.677509322,0.8,23,0.000999999999999999,"Lbl->Ap"
"Lc->Ap",1,8.4,2,0,0.35271819,0.71,15,0.000999999999999999,"Lc->Ap"
"Li->Ap",0,3.891836735,1.6,0,0.082878865,0.86,11,0.000999999999999999,"Li->Ap"
"Ln->Ap",0,0.1,0.5,1,0.335472773,0.711,20,0.000999999999999999,"Ln->Ap"
"Ls->Ap",0,5.9,0.6,0,0.027116161,0.916,37.3,0.000999999999999999,"Ls->Ap"
"Lx->Ap",0,3.891836735,1.6,0,1,0.788,11,0.000999999999999999,"Lx->Ap"
"Ma->Ap",0,3.891836735,0.85859375,1,0.001,0.794,38,0.000999999999999999,"Ma->Ap"
"Mc->Ap",0,3.3,0.5,1,0.924167131,0.717,40,0.000999999999999999,"Mc->Ap"
"Ml->Ap",0,0.6,0.1,1,0.265450537,0.736,33,0.000999999999999999,"Ml->Ap"
"My->Ap",0,0.3,0.2,1,0.874775546,0.78,36,0.000999999999999999,"My->Ap"
"Nh->Ap",0,2.6,0.7,1,0.037879675,0.74,42,0.000999999999999999,"Nh->Ap"
"Ph->Ap",0,1.2,0.4,1,1,0.596,62,0.000999999999999999,"Ph->Ap"
"Ps->Ap",0,2.5,0.1,1,0.047886613,0.67,46,0.000999999999999999,"Ps->Ap"
"Tb->Ap",0,3.4,2.1,1,0.578127217,0.923,26,0.000999999999999999,"Tb->Ap"
"Ap->Ef",0,1.3,0.5,1,0.999999,0.745,3,0.000999999999999999,"Ap->Ef"
"Lb->Ef",1,4.6,0.1,0,0.999999933,0.971,29.1,0.000999999999999999,"Lb->Ef"
"Lbl->Ef",0,4.6,0.1,0,0.999999,0.893,26,0.000999999999999999,"Lbl->Ef"
"Lc->Ef",2,7.1,1.5,0,0.999991803,0.803,12,0.000999999999999999,"Lc->Ef"
"Li->Ef",0,3.891836735,1.1,0,1,0.953,8,0.000999999999999999,"Li->Ef"
"Ln->Ef",0,1.2,0.001,1,0.999991103,0.586,23,0.000999999999999999,"Ln->Ef"
"Ls->Ef",0,4.6,0.1,0,0.032222179,1.009,40.3,0.000999999999999999,"Ls->Ef"
"Lx->Ef",1,3.891836735,1.1,0,1,0.881,8,0.000999999999999999,"Lx->Ef"
"Ma->Ef",0,3.891836735,0.85859375,1,1,0.887,41,0.000999999999999999,"Ma->Ef"
"Mc->Ef",0,4.6,1,1,1,0.81,43,0.000999999999999999,"Mc->Ef"
"Ml->Ef",0,1.9,0.6,1,0.999988687,0.829,36,0.000999999999999999,"Ml->Ef"
"My->Ef",0,1.6,0.3,1,1,0.873,39,0.000999999999999999,"My->Ef"
"Nh->Ef",0,1.3,0.2,1,0.999999998,0.615,45,0.000999999999999999,"Nh->Ef"
"Ph->Ef",0,2.5,0.9,0,1,0.689,65,0.000999999999999999,"Ph->Ef"
"Ps->Ef",2,3.8,0.4,1,1,0.763,49,0.000999999999999999,"Ps->Ef"
"Tb->Ef",1,2.1,1.6,1,0.99940271,1.016,29,0.000999999999999999,"Tb->Ef"
"Ap->Lb",0,5.9,0.6,0,0.131926823,0.878,26.1,0.000999999999999999,"Ap->Lb"
"Ef->Lb",1,4.6,0.1,0,0.576068561,0.971,29.1,0.000999999999999999,"Ef->Lb"
"Lbl->Lb",0,0.001,0.001,1,9.45e-05,0.316,3.1,0.000999999999999999,"Lbl->Lb"
"Lc->Lb",0,2.5,1.4,1,0.573874927,0.546,41.1,0.000999999999999999,"Lc->Lb"
"Li->Lb",0,3.891836735,1,1,1,0.696,37.1,0.000999999999999999,"Li->Lb"
"Ln->Lb",0,5.8,0.1,0,0.582864577,0.937,6.1,0.000999999999999999,"Ln->Lb"
"Ls->Lb",1,0.001,0.001,1,0.032222179,0.118,11.2,0.000999999999999999,"Ls->Lb"
"Lx->Lb",0,3.891836735,1,1,0.001,0.624,37.1,0.000999999999999999,"Lx->Lb"
"Ma->Lb",0,3.891836735,0.85859375,0,1,0.944,11.9,0.000999999999999999,"Ma->Lb"
"Mc->Lb",0,9.2,1.1,0,0.001,0.867,13.9,0.000999999999999999,"Mc->Lb"
"Ml->Lb",0,6.5,0.7,0,0.571154659,0.886,6.9,0.000999999999999999,"Ml->Lb"
"My->Lb",0,6.2,0.4,0,0.022809474,0.93,9.9,0.000999999999999999,"My->Lb"
"Nh->Lb",0,3.3,0.1,0,0.999999998,0.966,15.9,0.000999999999999999,"Nh->Lb"
"Ph->Lb",0,7.1,1,0,0.059008785,0.746,35.9,0.000999999999999999,"Ph->Lb"
"Ps->Lb",0,8.4,0.5,0,0.991257879,0.82,19.9,0.000999999999999999,"Ps->Lb"
"Tb->Lb",0,2.5,1.5,0,0.515980729,0.839,0.1,0.000999999999999999,"Tb->Lb"
"Ap->Lbl",0,5.9,0.6,0,0.630884888,0.8,23,0.000999999999999999,"Ap->Lbl"
"Ef->Lbl",0,4.6,0.1,0,0.326668453,0.893,26,0.000999999999999999,"Ef->Lbl"
"Lb->Lbl",1,0.001,0.001,1,0.001,0.316,3.1,0.000999999999999999,"Lb->Lbl"
"Lc->Lbl",0,2.5,1.4,1,0.328398675,0.468,38,0.000999999999999999,"Lc->Lbl"
"Li->Lbl",0,3.891836735,1,1,0.001,0.618,34,0.000999999999999999,"Li->Lbl"
"Ln->Lbl",0,5.8,0.1,0,0.310774266,0.859,3,0.000999999999999999,"Ln->Lbl"
"Ls->Lbl",0,0.001,0.001,1,0.001,0.354,14.3,0.000999999999999999,"Ls->Lbl"
"Lx->Lbl",0,3.891836735,1,1,1,0.546,34,0.000999999999999999,"Lx->Lbl"
"Ma->Lbl",0,3.891836735,0.85859375,0,0.001,0.866,15,0.000999999999999999,"Ma->Lbl"
"Mc->Lbl",1,9.2,1.1,0,0.742851858,0.789,17,0.000999999999999999,"Mc->Lbl"
"Ml->Lbl",0,6.5,0.7,0,0.295377982,0.808,10,0.000999999999999999,"Ml->Lbl"
"My->Lbl",0,6.2,0.4,0,0.747632846,0.852,13,0.000999999999999999,"My->Lbl"
"Nh->Lbl",0,3.3,0.1,0,0.001,0.888,19,0.000999999999999999,"Nh->Lbl"
"Ph->Lbl",0,7.1,1,0,0.741306921,0.668,39,0.000999999999999999,"Ph->Lbl"
"Ps->Lbl",0,8.4,0.5,0,0.001,0.742,23,0.000999999999999999,"Ps->Lbl"
"Tb->Lbl",0,2.5,1.5,0,0.415860176,0.761,3,0.000999999999999999,"Tb->Lbl"
"Ap->Lc",0,8.4,2,0,0.998093531,0.71,15,0.000999999999999999,"Ap->Lc"
"Ef->Lc",1,7.1,1.5,0,0.99268662,0.803,12,0.000999999999999999,"Ef->Lc"
"Lb->Lc",0,2.5,1.4,1,0.988914569,0.546,41.1,0.000999999999999999,"Lb->Lc"
"Lbl->Lc",0,2.5,1.4,1,0.997952637,0.468,38,0.000999999999999999,"Lbl->Lc"
"Li->Lc",1,3.891836735,0.4,1,0.935013204,0.65,4,0.000999999999999999,"Li->Lc"
"Ln->Lc",0,8.3,1.5,0,0.99897389,0.769,35,0.000999999999999999,"Ln->Lc"
"Ls->Lc",0,2.5,1.4,1,0.964414163,0.584,52.3,0.000999999999999999,"Ls->Lc"
"Lx->Lc",0,3.891836735,0.4,1,1,0.578,4,0.000999999999999999,"Lx->Lc"
"Ma->Lc",0,3.891836735,0.85859375,0,0.993905825,0.776,53,0.000999999999999999,"Ma->Lc"
"Mc->Lc",1,11.7,2.5,0,0.997386504,0.699,55,0.000999999999999999,"Mc->Lc"
"Ml->Lc",0,9,2.1,0,0.998694956,0.718,48,0.000999999999999999,"Ml->Lc"
"My->Lc",1,8.7,1.8,0,0.998752651,0.762,51,0.000999999999999999,"My->Lc"
"Nh->Lc",0,5.8,1.3,0,0.978572725,0.798,57,0.000999999999999999,"Nh->Lc"
"Ph->Lc",0,9.6,2.4,0,1,0.578,77,0.000999999999999999,"Ph->Lc"
"Ps->Lc",0,10.9,1.9,0,0.985653242,0.652,61,0.000999999999999999,"Ps->Lc"
"Tb->Lc",0,5,0.1,0,0.985425933,0.671,41,0.000999999999999999,"Tb->Lc"
"Ap->Li",0,3.891836735,1.6,0,0.023175227,0.86,11,0.000999999999999999,"Ap->Li"
"Ef->Li",1,3.891836735,1.1,0,0.098096281,0.953,8,0.000999999999999999,"Ef->Li"
"Lb->Li",1,3.891836735,1,1,0.170285762,0.696,37.1,0.000999999999999999,"Lb->Li"
"Lbl->Li",0,3.891836735,1,1,0.001,0.618,34,0.000999999999999999,"Lbl->Li"
"Lc->Li",1,3.891836735,0.4,1,0.092396295,0.65,4,0.000999999999999999,"Lc->Li"
"Ln->Li",0,3.891836735,1.1,0,0.060226704,0.919,31,0.000999999999999999,"Ln->Li"
"Ls->Li",0,3.891836735,1,1,0.57066657,0.734,48.3,0.000999999999999999,"Ls->Li"
"Lx->Li",0,3.891836735,0.001,1,0.001,0.357,0.001,0.000999999999999999,"Lx->Li"
"Ma->Li",0,3.891836735,0.85859375,0,0.535777448,0.926,49,0.000999999999999999,"Ma->Li"
"Mc->Li",0,3.891836735,2.1,0,0.001,0.849,51,0.000999999999999999,"Mc->Li"
"Ml->Li",0,3.891836735,1.7,0,0.054919194,0.868,44,0.000999999999999999,"Ml->Li"
"My->Li",0,3.891836735,1.4,0,0.001,0.912,47,0.000999999999999999,"My->Li"
"Nh->Li",0,3.891836735,0.9,0,0.325726768,0.948,53,0.000999999999999999,"Nh->Li"
"Ph->Li",0,3.891836735,2,0,0.001,0.728,73,0.000999999999999999,"Ph->Li"
"Ps->Li",0,3.891836735,1.5,0,0.211865586,0.802,57,0.000999999999999999,"Ps->Li"
"Tb->Li",0,3.891836735,0.5,0,0.198714592,0.821,37,0.000999999999999999,"Tb->Li"
"Ap->Ln",0,0.1,0.5,1,0.874554346,0.711,20,0.000999999999999999,"Ap->Ln"
"Ef->Ln",0,1.2,0.001,1,0.914530102,0.586,23,0.000999999999999999,"Ef->Ln"
"Lb->Ln",1,5.8,0.1,0,0.925327198,0.937,6.1,0.000999999999999999,"Lb->Ln"
"Lbl->Ln",0,5.8,0.1,0,0.870041009,0.859,3,0.000999999999999999,"Lbl->Ln"
"Lc->Ln",1,8.3,1.5,0,0.920323004,0.769,35,0.000999999999999999,"Lc->Ln"
"Li->Ln",0,3.891836735,1.1,0,0.561485345,0.919,31,0.000999999999999999,"Li->Ln"
"Ls->Ln",0,5.8,0.1,0,0.713884717,0.975,17.3,0.000999999999999999,"Ls->Ln"
"Lx->Ln",0,3.891836735,1.1,0,0.315590343,0.847,31,0.000999999999999999,"Lx->Ln"
"Ma->Ln",0,3.891836735,0.85859375,1,0.744461691,0.853,18,0.000999999999999999,"Ma->Ln"
"Mc->Ln",0,3.4,1,1,0.834106027,0.776,20,0.000999999999999999,"Mc->Ln"
"Ml->Ln",0,0.7,0.6,1,0.96121489,0.795,13,0.000999999999999999,"Ml->Ln"
"My->Ln",0,0.4,0.3,0,0.854626274,0.839,16,0.000999999999999999,"My->Ln"
"Nh->Ln",0,2.5,0.2,1,0.855414101,0.531,22,0.000999999999999999,"Nh->Ln"
"Ph->Ln",0,1.3,0.9,1,0.7801248,0.655,42,0.000999999999999999,"Ph->Ln"
"Ps->Ln",0,2.6,0.4,1,0.911862343,0.729,26,0.000999999999999999,"Ps->Ln"
"Tb->Ln",0,3.3,1.6,0,0.81883277,0.982,6,0.000999999999999999,"Tb->Ln"
"Ap->Ls",0,5.9,0.6,0,0.011274566,0.916,37.3,0.000999999999999999,"Ap->Ls"
"Ef->Ls",0,4.6,0.1,0,0.004700011,1.009,40.3,0.000999999999999999,"Ef->Ls"
"Lb->Ls",6,0.001,0.001,1,0.00815877,0.118,11.2,0.000999999999999999,"Lb->Ls"
"Lbl->Ls",0,0.001,0.001,1,0.001,0.354,14.3,0.000999999999999999,"Lbl->Ls"
"Lc->Ls",0,2.5,1.4,1,0.004734817,0.584,52.3,0.000999999999999999,"Lc->Ls"
"Li->Ls",0,3.891836735,1,1,0.848543056,0.734,48.3,0.000999999999999999,"Li->Ls"
"Ln->Ls",0,5.8,0.1,0,0.113859748,0.975,17.3,0.000999999999999999,"Ln->Ls"
"Lx->Ls",0,3.891836735,1,1,0.001,0.662,48.3,0.000999999999999999,"Lx->Ls"
"Ma->Ls",0,3.891836735,0.85859375,0,0.813172371,0.982,0.7,0.000999999999999999,"Ma->Ls"
"Mc->Ls",0,9.2,1.1,0,0.001,0.905,2.7,0.000999999999999999,"Mc->Ls"
"Ml->Ls",0,6.5,0.7,0,0.127003883,0.924,4.3,0.000999999999999999,"Ml->Ls"
"My->Ls",0,6.2,0.4,0,0.001,0.968,1.3,0.000999999999999999,"My->Ls"
"Nh->Ls",0,3.3,0.1,0,0.461050502,1.004,4.7,0.000999999999999999,"Nh->Ls"
"Ph->Ls",0,7.1,1,0,0.001,0.784,24.7,0.000999999999999999,"Ph->Ls"
"Ps->Ls",0,8.4,0.5,0,0.010577303,0.858,8.7,0.000999999999999999,"Ps->Ls"
"Tb->Ls",0,2.5,1.5,0,0.26047984,0.877,11.3,0.000999999999999999,"Tb->Ls"
"Ap->Lx",1,3.891836735,1.6,0,0.088489185,0.788,11,0.000999999999999999,"Ap->Lx"
"Ef->Lx",0,3.891836735,1.1,0,0.031042918,0.881,8,0.000999999999999999,"Ef->Lx"
"Lb->Lx",0,3.891836735,1,1,0.001,0.624,37.1,0.000999999999999999,"Lb->Lx"
"Lbl->Lx",0,3.891836735,1,1,0.095028822,0.546,34,0.000999999999999999,"Lbl->Lx"
"Lc->Lx",1,3.891836735,0.4,1,0.031271363,0.578,4,0.000999999999999999,"Lc->Lx"
"Li->Lx",1,3.891836735,0.001,1,0.01,0.357,0.001,0.000999999999999999,"Li->Lx"
"Ln->Lx",0,3.891836735,1.1,0,0.010712341,0.847,31,0.000999999999999999,"Ln->Lx"
"Ls->Lx",0,3.891836735,1,1,0.001,0.662,48.3,0.000999999999999999,"Ls->Lx"
"Ma->Lx",0,3.891836735,0.85859375,0,0.001,0.854,49,0.000999999999999999,"Ma->Lx"
"Mc->Lx",0,3.891836735,2.1,0,0.121306002,0.777,51,0.000999999999999999,"Mc->Lx"
"Ml->Lx",0,3.891836735,1.7,0,0.002042596,0.796,44,0.000999999999999999,"Ml->Lx"
"My->Lx",0,3.891836735,1.4,0,0.106301063,0.84,47,0.000999999999999999,"My->Lx"
"Nh->Lx",0,3.891836735,0.9,0,0.001,0.876,53,0.000999999999999999,"Nh->Lx"
"Ph->Lx",0,3.891836735,2,0,0.16707227,0.656,73,0.000999999999999999,"Ph->Lx"
"Ps->Lx",0,3.891836735,1.5,0,0.001,0.73,57,0.000999999999999999,"Ps->Lx"
"Tb->Lx",0,3.891836735,0.5,0,0.066152795,0.749,37,0.000999999999999999,"Tb->Lx"
"Ap->Ma",0,3.891836735,0.85859375,1,0.001,0.794,38,0.000999999999999999,"Ap->Ma"
"Ef->Ma",1,3.891836735,0.85859375,1,0.111254299,0.887,41,0.000999999999999999,"Ef->Ma"
"Lb->Ma",0,3.891836735,0.85859375,0,0.193126823,0.944,11.9,0.000999999999999999,"Lb->Ma"
"Lbl->Ma",0,3.891836735,0.85859375,0,0.001,0.866,15,0.000999999999999999,"Lbl->Ma"
"Lc->Ma",0,3.891836735,0.85859375,0,0.111390027,0.776,53,0.000999999999999999,"Lc->Ma"
"Li->Ma",0,3.891836735,0.85859375,0,0.607643267,0.926,49,0.000999999999999999,"Li->Ma"
"Ln->Ma",0,3.891836735,0.85859375,1,0.090564353,0.853,18,0.000999999999999999,"Ln->Ma"
"Ls->Ma",0,3.891836735,0.85859375,0,0.62023378,0.982,0.7,0.000999999999999999,"Ls->Ma"
"Lx->Ma",0,3.891836735,0.85859375,0,0.001,0.854,49,0.000999999999999999,"Lx->Ma"
"Mc->Ma",0,3.891836735,0.85859375,1,0.001,0.273,2,0.000999999999999999,"Mc->Ma"
"Ml->Ma",0,3.891836735,0.85859375,1,0.109582888,0.292,5,0.000999999999999999,"Ml->Ma"
"My->Ma",0,3.891836735,0.85859375,1,0.001,0.196,2,0.000999999999999999,"My->Ma"
"Nh->Ma",0,3.891836735,0.85859375,1,0.373929497,0.882,4,0.000999999999999999,"Nh->Ma"
"Ph->Ma",0,3.891836735,0.85859375,0,0.001,0.576,24,0.000999999999999999,"Ph->Ma"
"Ps->Ma",0,3.891836735,0.85859375,1,0.248029161,0.65,8,0.000999999999999999,"Ps->Ma"
"Tb->Ma",0,3.891836735,0.85859375,1,0.18249628,0.989,12,0.000999999999999999,"Tb->Ma"
"Ap->Mc",0,3.3,0.5,1,0.674152926,0.717,40,0.000999999999999999,"Ap->Mc"
"Ef->Mc",0,4.6,1,1,0.255905872,0.81,43,0.000999999999999999,"Ef->Mc"
"Lb->Mc",0,9.2,1.1,0,0.001,0.867,13.9,0.000999999999999999,"Lb->Mc"
"Lbl->Mc",1,9.2,1.1,0,0.58193606,0.789,17,0.000999999999999999,"Lbl->Mc"
"Lc->Mc",1,11.7,2.5,0,0.257115352,0.699,55,0.000999999999999999,"Lc->Mc"
"Li->Mc",0,3.891836735,2.1,0,0.001,0.849,51,0.000999999999999999,"Li->Mc"
"Ln->Mc",1,3.4,1,1,0.23339935,0.776,20,0.000999999999999999,"Ln->Mc"
"Ls->Mc",0,9.2,1.1,0,0.001,0.905,2.7,0.000999999999999999,"Ls->Mc"
"Lx->Mc",0,3.891836735,2.1,0,1,0.777,51,0.000999999999999999,"Lx->Mc"
"Ma->Mc",0,3.891836735,0.85859375,1,0.001,0.273,2,0.000999999999999999,"Ma->Mc"
"Ml->Mc",5,2.7,0.4,1,0.235250685,0.139,7,0.000999999999999999,"Ml->Mc"
"My->Mc",1,3,0.7,1,0.799062631,0.259,4,0.000999999999999999,"My->Mc"
"Nh->Mc",0,5.9,1.2,1,0.001,0.805,2,0.000999999999999999,"Nh->Mc"
"Ph->Mc",0,2.1,0.1,1,0.814583745,0.499,22,0.000999999999999999,"Ph->Mc"
"Ps->Mc",0,0.8,0.6,1,0.001,0.573,6,0.000999999999999999,"Ps->Mc"
"Tb->Mc",0,6.7,2.6,1,0.363652028,0.912,14,0.000999999999999999,"Tb->Mc"
"Ap->Ml",0,0.6,0.1,1,0.544229558,0.736,33,0.000999999999999999,"Ap->Ml"
"Ef->Ml",2,1.9,0.6,1,0.719226944,0.829,36,0.000999999999999999,"Ef->Ml"
"Lb->Ml",1,6.5,0.7,0,0.71309991,0.886,6.9,0.000999999999999999,"Lb->Ml"
"Lbl->Ml",0,6.5,0.7,0,0.650341975,0.808,10,0.000999999999999999,"Lbl->Ml"
"Lc->Ml",0,9,2.1,0,0.303803852,0.718,48,0.000999999999999999,"Lc->Ml"
"Li->Ml",0,3.891836735,1.7,0,0.402663697,0.868,44,0.000999999999999999,"Li->Ml"
"Ln->Ml",1,0.7,0.6,1,0.755943753,0.795,13,0.000999999999999999,"Ln->Ml"
"Ls->Ml",0,6.5,0.7,0,0.626244405,0.924,4.3,0.000999999999999999,"Ls->Ml"
"Lx->Ml",0,3.891836735,1.7,0,0.047325022,0.796,44,0.000999999999999999,"Lx->Ml"
"Ma->Ml",0,3.891836735,0.85859375,1,0.708429769,0.292,5,0.000999999999999999,"Ma->Ml"
"Mc->Ml",1,2.7,0.4,1,0.661182741,0.139,7,0.000999999999999999,"Mc->Ml"
"My->Ml",0,0.3,0.3,1,0.598910304,0.278,3,0.000999999999999999,"My->Ml"
"Nh->Ml",0,3.2,0.8,1,0.68699529,0.824,9,0.000999999999999999,"Nh->Ml"
"Ph->Ml",1,0.6,0.3,1,0.40592422,0.518,29,0.000999999999999999,"Ph->Ml"
"Ps->Ml",0,1.9,0.2,1,0.758538958,0.592,13,0.000999999999999999,"Ps->Ml"
"Tb->Ml",0,4,2.2,1,0.453478658,0.931,7,0.000999999999999999,"Tb->Ml"
"Ap->My",0,0.3,0.2,1,0.728197569,0.78,36,0.000999999999999999,"Ap->My"
"Ef->My",2,1.6,0.3,1,0.292028297,0.873,39,0.000999999999999999,"Ef->My"
"Lb->My",0,6.2,0.4,0,0.011562879,0.93,9.9,0.000999999999999999,"Lb->My"
"Lbl->My",0,6.2,0.4,0,0.668353328,0.852,13,0.000999999999999999,"Lbl->My"
"Lc->My",1,8.7,1.8,0,0.293810392,0.762,51,0.000999999999999999,"Lc->My"
"Li->My",0,3.891836735,1.4,0,0.001,0.912,47,0.000999999999999999,"Li->My"
"Ln->My",0,0.4,0.3,0,0.001,0.839,16,0.000999999999999999,"Ln->My"
"Ls->My",0,6.2,0.4,0,0.001,0.968,1.3,0.000999999999999999,"Ls->My"
"Lx->My",0,3.891836735,1.4,0,1,0.84,47,0.000999999999999999,"Lx->My"
"Ma->My",0,3.891836735,0.85859375,1,0.001,0.196,2,0.000999999999999999,"Ma->My"
"Mc->My",0,3,0.7,1,0.911854418,0.259,4,0.000999999999999999,"Mc->My"
"Ml->My",3,0.3,0.3,1,0.020322085,0.278,3,0.000999999999999999,"Ml->My"
"Nh->My",0,2.9,0.5,1,0.001,0.868,6,0.000999999999999999,"Nh->My"
"Ph->My",0,0.9,0.6,0,0.87886285,0.562,26,0.000999999999999999,"Ph->My"
"Ps->My",0,2.2,0.1,1,2.12e-05,0.636,10,0.000999999999999999,"Ps->My"
"Tb->My",0,3.7,1.9,1,0.39195068,0.975,10,0.000999999999999999,"Tb->My"
"Ap->Nh",0,2.6,0.7,1,0.032125109,0.74,42,0.000999999999999999,"Ap->Nh"
"Ef->Nh",1,1.3,0.2,1,0.297516267,0.615,45,0.000999999999999999,"Ef->Nh"
"Lb->Nh",1,3.3,0.1,0,0.516459788,0.966,15.9,0.000999999999999999,"Lb->Nh"
"Lbl->Nh",0,3.3,0.1,0,0.001,0.888,19,0.000999999999999999,"Lbl->Nh"
"Lc->Nh",0,5.8,1.3,0,0.293283814,0.798,57,0.000999999999999999,"Lc->Nh"
"Li->Nh",0,3.891836735,0.9,0,0.987896909,0.948,53,0.000999999999999999,"Li->Nh"
"Ln->Nh",0,2.5,0.2,1,0.278282088,0.531,22,0.000999999999999999,"Ln->Nh"
"Ls->Nh",0,3.3,0.1,0,0.94040563,1.004,4.7,0.000999999999999999,"Ls->Nh"
"Lx->Nh",0,3.891836735,0.9,0,0.001,0.876,53,0.000999999999999999,"Lx->Nh"
"Ma->Nh",0,3.891836735,0.85859375,1,0.999962335,0.882,4,0.000999999999999999,"Ma->Nh"
"Mc->Nh",0,5.9,1.2,1,0.001,0.805,2,0.000999999999999999,"Mc->Nh"
"Ml->Nh",0,3.2,0.8,1,0.284180069,0.824,9,0.000999999999999999,"Ml->Nh"
"My->Nh",0,2.9,0.5,1,0.001,0.868,6,0.000999999999999999,"My->Nh"
"Ph->Nh",0,3.8,1.1,0,0.001,0.684,20,0.000999999999999999,"Ph->Nh"
"Ps->Nh",0,5.1,0.6,1,0.639340968,0.758,4,0.000999999999999999,"Ps->Nh"
"Tb->Nh",0,0.8,1.4,1,0.387411273,1.011,16,0.000999999999999999,"Tb->Nh"
"Ap->Ph",0,1.2,0.4,1,0.529646154,0.596,62,0.000999999999999999,"Ap->Ph"
"Ef->Ph",1,2.5,0.9,0,0.18580533,0.689,65,0.000999999999999999,"Ef->Ph"
"Lb->Ph",0,7.1,1,0,0.01903271,0.746,35.9,0.000999999999999999,"Lb->Ph"
"Lbl->Ph",0,7.1,1,0,0.421647013,0.668,39,0.000999999999999999,"Lbl->Ph"
"Lc->Ph",0,9.6,2.4,0,0.187172672,0.578,77,0.000999999999999999,"Lc->Ph"
"Li->Ph",0,3.891836735,2,0,0.001,0.728,73,0.000999999999999999,"Li->Ph"
"Ln->Ph",0,1.3,0.9,1,0.158496758,0.655,42,0.000999999999999999,"Ln->Ph"
"Ls->Ph",0,7.1,1,0,0.001,0.784,24.7,0.000999999999999999,"Ls->Ph"
"Lx->Ph",0,3.891836735,2,0,1,0.656,73,0.000999999999999999,"Lx->Ph"
"Ma->Ph",0,3.891836735,0.85859375,0,0.001,0.576,24,0.000999999999999999,"Ma->Ph"
"Mc->Ph",0,2.1,0.1,1,0.591444037,0.499,22,0.000999999999999999,"Mc->Ph"
"Ml->Ph",0,0.6,0.3,1,0.104865413,0.518,29,0.000999999999999999,"Ml->Ph"
"My->Ph",0,0.9,0.6,0,0.559183488,0.562,26,0.000999999999999999,"My->Ph"
"Nh->Ph",0,3.8,1.1,0,0.001,0.684,20,0.000999999999999999,"Nh->Ph"
"Ps->Ph",0,1.3,0.5,1,0.002605376,0.434,16,0.000999999999999999,"Ps->Ph"
"Tb->Ph",0,4.6,2.5,0,0.344288288,0.791,36,0.000999999999999999,"Tb->Ph"
"Ap->Ps",0,2.5,0.1,1,0.060654874,0.67,46,0.000999999999999999,"Ap->Ps"
"Ef->Ps",0,3.8,0.4,1,0.444348723,0.763,49,0.000999999999999999,"Ef->Ps"
"Lb->Ps",1,8.4,0.5,0,0.764603681,0.82,19.9,0.000999999999999999,"Lb->Ps"
"Lbl->Ps",0,8.4,0.5,0,0.001,0.742,23,0.000999999999999999,"Lbl->Ps"
"Lc->Ps",0,10.9,1.9,0,0.441196809,0.652,61,0.000999999999999999,"Lc->Ps"
"Li->Ps",0,3.891836735,1.5,0,0.959691865,0.802,57,0.000999999999999999,"Li->Ps"
"Ln->Ps",1,2.6,0.4,1,0.443048579,0.729,26,0.000999999999999999,"Ln->Ps"
"Ls->Ps",0,8.4,0.5,0,0.032222179,0.858,8.7,0.000999999999999999,"Ls->Ps"
"Lx->Ps",0,3.891836735,1.5,0,0.001,0.73,57,0.000999999999999999,"Lx->Ps"
"Ma->Ps",0,3.891836735,0.85859375,1,0.990626359,0.65,8,0.000999999999999999,"Ma->Ps"
"Mc->Ps",0,0.8,0.6,1,0.001,0.573,6,0.000999999999999999,"Mc->Ps"
"Ml->Ps",0,1.9,0.2,1,0.468630948,0.592,13,0.000999999999999999,"Ml->Ps"
"My->Ps",0,2.2,0.1,1,3.23e-05,0.636,10,0.000999999999999999,"My->Ps"
"Nh->Ps",0,5.1,0.6,1,0.954873307,0.758,4,0.000999999999999999,"Nh->Ps"
"Ph->Ps",0,1.3,0.5,1,0.006230689,0.434,16,0.000999999999999999,"Ph->Ps"
"Tb->Ps",0,5.9,2,1,0.425094541,0.865,20,0.000999999999999999,"Tb->Ps"
"Ap->Tb",0,3.4,2.1,1,0.773330991,0.923,26,0.000999999999999999,"Ap->Tb"
"Ef->Tb",2,2.1,1.6,1,0.468980589,1.016,29,0.000999999999999999,"Ef->Tb"
"Lb->Tb",0,2.5,1.5,0,0.420313775,0.839,0.1,0.000999999999999999,"Lb->Tb"
"Lbl->Tb",0,2.5,1.5,0,0.597385233,0.761,3,0.000999999999999999,"Lbl->Tb"
"Lc->Tb",0,5,0.1,0,0.465824797,0.671,41,0.000999999999999999,"Lc->Tb"
"Li->Tb",0,3.891836735,0.5,0,0.950586329,0.821,37,0.000999999999999999,"Li->Tb"
"Ln->Tb",0,3.3,1.6,0,0.420153215,0.982,6,0.000999999999999999,"Ln->Tb"
"Ls->Tb",0,2.5,1.5,0,0.83800085,0.877,11.3,0.000999999999999999,"Ls->Tb"
"Lx->Tb",0,3.891836735,0.5,0,1,0.749,37,0.000999999999999999,"Lx->Tb"
"Ma->Tb",0,3.891836735,0.85859375,1,0.7697533,0.989,12,0.000999999999999999,"Ma->Tb"
"Mc->Tb",0,6.7,2.6,1,0.666837643,0.912,14,0.000999999999999999,"Mc->Tb"
"Ml->Tb",0,4,2.2,1,0.295869594,0.931,7,0.000999999999999999,"Ml->Tb"
"My->Tb",0,3.7,1.9,1,0.629826356,0.975,10,0.000999999999999999,"My->Tb"
"Nh->Tb",0,0.8,1.4,1,0.61104878,1.011,16,0.000999999999999999,"Nh->Tb"
"Ph->Tb",0,4.6,2.5,0,0.869517695,0.791,36,0.000999999999999999,"Ph->Tb"
"Ps->Tb",0,5.9,2,1,0.448927218,0.865,20,0.000999999999999999,"Ps->Tb"
